Date,Category,Author,Url,Title,Findings
6/26/2020,Risk of SARS-CoV2 In Pregnancy,Ellington et al.,https://www.cdc.gov/mmwr/volumes/69/wr/mm6925a1.htm?s_cid=mm6925a1_w,"Characteristics of Women of Reproductive Age with Laboratory-Confirmed SARS-CoV-2 Infection by Pregnancy Status — United States, January 22–June 7, 2020","Pregnant women might be at an increased risk for severe COVID-19 illness; Among reproductive-age women with SARS-CoV-2 infection, pregnancy was associated with hospitalization and increased risk for intensive care unit admission, and receipt of mechanical ventilation, but not with death."
9/1/2020,Risk of SARS-CoV2 In Pregnancy,Allotey et al.,https://www.bmj.com/content/370/bmj.m3320,"Clinical manifestations, risk factors, and maternal and perinatal outcomes of coronavirus disease 2019 in pregnancy: living systematic review and meta-analysis","Pregnant and recently pregnant women with covid-19 diagnosed in hospital are less likely to manifest symptoms of fever and myalgia than non-pregnant women of reproductive age and might be at increased risk of admission to an intensive care unit; Risk factors for severe covid-19 in pregnancy include increasing maternal age, high body mass index, and pre-existing comorbidities; Pregnant women with covid-19 are more likely to experience preterm birth and their neonates are more likely to be admitted to a neonatal unit."
11/6/2020,Risk of SARS-CoV2 In Pregnancy,Woodworth et al.,https://www.cdc.gov/mmwr/volumes/69/wr/mm6944e2.htm?s_cid=mm6944e2_w,"Birth and Infant Outcomes Following Laboratory-Confirmed SARS-CoV-2 Infection in Pregnancy — SET-NET, 16 Jurisdictions, March 29–October 14, 2020","Among 3,912 infants with known gestational age born to women with SARS-CoV-2 infection, 12.9% were preterm (<37 weeks), higher than a national estimate of 10.2%. Among 610 (21.3%) infants with testing results, 2.6% had positive SARS-CoV-2 results, primarily those born to women with infection at delivery."
11/6/2020,Risk of SARS-CoV2 In Pregnancy,Zambrano et al.,https://www.cdc.gov/mmwr/volumes/69/wr/mm6944e3.htm,"Update: Characteristics of Symptomatic Women of Reproductive Age with Laboratory-Confirmed SARS-CoV-2 Infection by Pregnancy Status — United States, January 22–October 3, 2020","Risk of severe COVID-19-associated illness including death; among 400,000 women aged 15-44 with symptomatic COVID-19, intensive care unit admission, invasive ventilation, extracorporeal membrane oxygenation, and death were more likely in pregnant women than in nonpregnant women."
12/17/2020,Vaccine Safety / Effectiveness / Newborn Outcomes,Moderna,https://www.fda.gov/media/144434/download,"Vaccines and Related Biological Products Advisory Committee Meeting
December 17, 2020 FDA Briefing Document Moderna COVID-19 Vaccine","No effects on female reproduction, fetal/embryonal development, or postnatal development."
12/21/2020,Vaccine Safety / Effectiveness / Newborn Outcomes,Pfizer,https://ec.europa.eu/health/documents/community-register/2020/20201221150522/anx_150522_en.pdf,Annex I - Summary of Product Characteristics,"No vaccine-related effects on female fertility, pregnancy, or embryo-fetal or postnatal development."
1/8/2021,WHO / SAGE Recommendations,WHO,https://www.who.int/publications/i/item/WHO-2019-nCoV-vaccines-SAGE_recommendation-BNT162b2-2021.1,"Interim recommendations for use of the Pfizer–BioNTech COVID-19 vaccine, BNT162b2, under Emergency Use Listing",Pfizer recommended (1) for lactating persons and not recommended but with exceptions (elevated risk of exposure & serious disease) (4) for pregnant persons.
1/8/2021,WHO / SAGE Recommendations,WHO,https://www.who.int/news-room/feature-stories/detail/who-can-take-the-pfizer-biontech-covid-19--vaccine,Who can take the Pfizer BioNTech COVID-19 vaccine?,Pfizer permitted (2) for lactating persons and not recommended but with exceptions (elevated risk of exposure) (4) for pregnant persons.
1/21/2021,Vaccine Safety / Effectiveness / Newborn Outcomes,AstraZeneca,https://www.ema.europa.eu/en/documents/assessment-report/vaxzevria-previously-covid-19-vaccine-astrazeneca-epar-public-assessment-report_en.pdf,Assessment report COVID-19 Vaccine AstraZeneca,Preliminary DART show no adverse effects in reproductive toxicity.
1/25/2021,WHO / SAGE Recommendations,WHO,https://www.who.int/publications/i/item/interim-recommendations-for-use-of-the-moderna-mrna-1273-vaccine-against-covid-19,Interim recommendations for use of the Moderna mRNA-1273 vaccine against COVID-19,Moderna recommended (1) for lactating persons and not recommended but with exceptions (elevated risk of exposure & serious disease) (4) for pregnant persons.
1/29/2021,WHO / SAGE Recommendations,WHO,https://www.who.int/news-room/feature-stories/detail/the-moderna-covid-19-mrna-1273-vaccine-what-you-need-to-know,The Moderna COVID-19 (mRNA-1273) vaccine: what you need to know,Moderna permitted (2) for lactating persons and permitted with qualifications (elevated risk of exposure & serious disease) (3) for pregnant persons.
2/10/2021,WHO / SAGE Recommendations,WHO,https://www.who.int/publications/i/item/WHO-2019-nCoV-vaccines-SAGE_recommendation-AZD1222-2021.1,"Interim recommendations for use of the ChAdOx1-S [recombinant] vaccine against COVID-19  (AstraZeneca COVID-19 vaccine AZD1222 Vaxzevria™, SII COVISHIELD™)",AstraZeneca recommended (1) for lactating persons and permitted with qualifications (elevated risk of exposure & serious disease) (3) for pregnant persons.
2/23/2021,Risk of SARS-CoV2 In Pregnancy,Mullins et al.,https://obgyn.onlinelibrary.wiley.com/doi/10.1002/uog.23619,Pregnancy and neonatal outcomes of COVID-19: coreporting of common outcomes from PAN-COVID and AAP-SONPM registries,"The data presented support strong guidance for enhanced precautions to prevent SARS-CoV-2 infection in pregnancy, particularly in the context of increased risks of preterm delivery and maternal mortality, and for priority vaccination of pregnant women and women planning pregnancy."
3/17/2021,WHO / SAGE Recommendations,WHO,https://www.who.int/publications/i/item/WHO-2019-nCoV-vaccines-SAGE-recommendation-Ad26.COV2.S-2021.1,Interim recommendations for the use of the Janssen Ad26.COV2.S (COVID-19) vaccine,Janssen recommended (1) for lactating persons and permitted with qualifications (elevated risk of exposure & serious disease) (3) for pregnant persons.
3/17/2021,WHO / SAGE Recommendations,WHO,https://www.who.int/news-room/feature-stories/detail/the-oxford-astrazeneca-covid-19-vaccine-what-you-need-to-know,The Oxford/AstraZeneca (ChAdOx1-S [recombinant] vaccine) COVID-19 vaccine: what you need to know,AstraZeneca permitted (2) for lactating persons and permitted with qualifications (elevated risk of exposure & serious disease) (3) for pregnant persons.
3/25/2021,Vaccine Safety / Effectiveness / Newborn Outcomes,Gray et al.,https://www.ajog.org/article/S0002-9378(21)00187-3/fulltext,Coronavirus disease 2019 vaccine response in pregnant and lactating women: a cohort study,"Coronavirus disease 2019 messenger RNA vaccines generated robust humoral immunity in pregnant and lactating women, with immunogenicity and reactogenicity similar to that observed in nonpregnant women. Vaccine-induced immune responses were statistically significantly greater than the response to natural infection. Immune transfer to neonates occurred via placenta and breastmilk."
3/29/2021,WHO / SAGE Recommendations,WHO,https://www.who.int/news-room/feature-stories/detail/the-j-j-covid-19-vaccine-what-you-need-to-know,The J&J COVID-19 vaccine: What you need to know,Janssen permitted (2) for lactating persons and permitted with qualifications (elevated risk of exposure & serious disease) (3) for pregnant persons.
3/30/2021,Vaccine Safety / Effectiveness / Newborn Outcomes,Kelly et al.,https://www.ajog.org/article/S0002-9378(21)00211-8/fulltext,Anti–severe acute respiratory syndrome coronavirus 2 antibodies induced in breast milk after Pfizer-BioNTech/BNT162b2 vaccination,"Authors characterize longitudinal breast milk levels of antispike IgG/A following Pfizer-BioNTech/BNT162b2 vaccination, demonstrating sustained elevation of IgG/IgA levels. A concurrent decrease in infant respiratory illness rates suggest that maternal vaccination confers protection against infection in breastfed infants. Thus, the Pfizer-BioNTech/BNT162b2 vaccination may also confer protection against COVID-19 to breastfed infants as well."
4/12/2021,Vaccine Safety / Effectiveness / Newborn Outcomes,Perl et al.,https://jamanetwork.com/journals/jama/fullarticle/2778766,SARS-CoV-2-specific antibodies in breast milk after COVID-19 vaccination of breastfeeding women,"This study found robust secretion of SARS-CoV-2 specific IgA and IgG antibodies in breast milk for 6 weeks after vaccination. IgA secretion was evident as early as 2 weeks after vaccination followed by a spike in IgG after 4 weeks (a week after the second vaccine). Antibodies found in breast milk of these women showed strong neutralizing effects, suggesting a potential protective effect against infection in the infant."
4/21/2021,WHO / SAGE Recommendations,WHO,https://www.who.int/publications/i/item/WHO-2019-nCoV-vaccines-SAGE_recommendation-AZD1222-2021.1,"Interim recommendations for use of the ChAdOx1-S [recombinant] vaccine against COVID-19  (AstraZeneca COVID-19 vaccine AZD1222 Vaxzevria™, SII COVISHIELD™)",AstraZeneca recommended (1) for lactating persons and permitted with qualifications (elevated risk of exposure & serious disease) (3) for pregnant persons.
4/21/2021,Vaccine Safety / Effectiveness / Newborn Outcomes,Shimabukuro et al.,https://www.ncbi.nlm.nih.gov/pmc/articles/PMC8117969/,Preliminary findings of mRNA COVID-19 vaccine safety in pregnant persons,Preliminary findings did not show obvious safety signals among pregnant persons who received mRNA Covid-19 vaccines.
4/23/2021,Vaccine Safety / Effectiveness / Newborn Outcomes,Janssen,https://www.fda.gov/media/146304/download,Emergency Use Authorization (EUA) of the Janssen COVID-19 Vaccine to Prevent Coronavirus Disease 2019 (COVID-19) ,"No adverse effect on fertility, embryo-fetal, or postnatal development."
5/7/2021,WHO / SAGE Recommendations,WHO,https://www.who.int/publications/i/item/WHO-2019-nCoV-vaccines-SAGE_recommendation-BIBP-2021.1,"Interim recommendations for use of the inactivated COVID-19 vaccine BIBP developed by China National Biotec Group (‎CNBG)‎, Sinopharm",Sinopharm recommended (1) for lactating persons and permitted (2) for pregnant persons.
5/10/2021,WHO / SAGE Recommendations,WHO,https://www.who.int/publications/m/item/chadox1-s-recombinant-covid-19-vaccine,"AstraZeneca ChAdOx1-S/nCoV-19 [recombinant], COVID-19 vaccine",AstraZeneca recommended (1) for lactating persons and permitted with qualifications (elevated risk of exposure & serious disease) (3) for pregnant persons.
5/13/2021,Vaccine Safety / Effectiveness / Newborn Outcomes,Collier et al.,https://jamanetwork.com/journals/jama/fullarticle/2780202,Immunogenicity of COVID-19 mRNA vaccines in pregnant and lactating women,"In this cohort study involving 103 women who received a COVID-19 mRNA vaccine, 30 of whom were pregnant and 16 of whom were lactating, immunogenicity was demonstrated in all, and vaccine-elicited antibodies were found in infant cord blood and breast milk. Pregnant and nonpregnant vaccinated women developed cross-reactive immune responses against SARS-CoV-2 variants of concern."
5/19/2021,Risk of SARS-CoV2 In Pregnancy,Gurol-Urganci et al.,https://www.ajog.org/article/S0002-9378(21)00565-2/fulltext,Maternal and perinatal outcomes of pregnant women with SARS-CoV-2 infection at the time of birth in England: national cohort study,"SARS-CoV-2 infection at the time of birth is associated with higher rates of fetal death, preterm birth, preeclampsia, and emergency cesarean delivery. There were no additional adverse neonatal outcomes, other than those related to preterm delivery. Pregnant women should be counseled regarding risks of SARS-CoV-2 infection and should be considered a priority for vaccination."
5/20/2021,Vaccine Safety / Effectiveness / Newborn Outcomes,Beharier et al.,https://www.jci.org/articles/view/150319,Efficient maternal to neonatal transfer of antibodies against SARS-CoV-2 and BNT162b2 mRNA COVID-19 vaccine,"Antenatal BNT162b2 mRNA vaccination induces a robust maternal humoral response that effectively transfers to the fetus, supporting the role of vaccination during pregnancy."
5/24/2021,WHO / SAGE Recommendations,WHO,https://www.who.int/publications/i/item/WHO-2019-nCoV-vaccines-SAGE-recommendation-Sinovac-Coronavac,"Interim recommendations for the use of the inactivated COVID-19 vaccine, CoronaVac, developed by Sinovac",Sinovac recommended (1) for lactating persons and permitted (2) for pregnant persons.
6/15/2021,WHO / SAGE Recommendations,WHO,https://www.who.int/publications/i/item/WHO-2019-nCoV-vaccines-SAGE-recommendation-Ad26.COV2.S-2021.1,Interim recommendations for the use of the Janssen Ad26.COV2.S (COVID-19) vaccine,Janssen recommended (1) for lactating persons and permitted with qualifications (elevated risk of exposure & serious disease) (3) for pregnant persons.
6/15/2021,WHO / SAGE Recommendations,WHO,https://www.who.int/publications/i/item/interim-recommendations-for-use-of-the-moderna-mrna-1273-vaccine-against-covid-19,Interim recommendations for use of the Moderna mRNA-1273 vaccine against COVID-19,Moderna recommended (1) for lactating persons and permitted (2) for pregnant persons.
6/15/2021,WHO / SAGE Recommendations,WHO,https://www.who.int/publications/i/item/WHO-2019-nCoV-vaccines-SAGE_recommendation-BNT162b2-2021.1,"Interim recommendations for use of the Pfizer–BioNTech COVID-19 vaccine, BNT162b2, under Emergency Use Listing",Pfizer recommended (1) for lactating persons and permitted (2) for pregnant persons.
6/17/2021,Vaccine Safety / Effectiveness / Newborn Outcomes,Jakuszko et al.,https://www.mdpi.com/2076-393X/9/6/663,Immune Response to Vaccination against COVID-19 in Breastfeeding Health Workers,"As there were no serious side effects in the children after the mothers’ vaccinations, and the presence of IgG and IgA antibodies in the breast milk was shown, the study gives further evidence on the importance of vaccination against COVID-19 in breastfeeding women. Therefore, the study may affect future recommendations for vaccination against COVID-19 in the general population of breastfeeding mothers."
6/26/2021,Risk of SARS-CoV2 In Pregnancy,Papageorghiou et al.,https://www.ajog.org/article/S0002-9378(21)00561-5/fulltext,Preeclampsia and COVID-19: results from the INTERCOVID prospective longitudinal study,"COVID-19 during pregnancy is strongly associated with preeclampsia, especially among nulliparous women. This association is independent of any risk factors and preexisting conditions. COVID-19 severity does not seem to be a factor in this association."
7/1/2021,Vaccine Safety / Effectiveness / Newborn Outcomes,Bookstein Peretz et al.,https://obgyn.onlinelibrary.wiley.com/doi/10.1002/uog.23729,Short-term outcome of pregnant women vaccinated with BNT162b2 mRNA COVID-19 vaccine,The findings of this study show that COVID-19 vaccination of pregnant women with the BNT162b2 mRNA vaccine seems to be safe and effective. Recommending COVID-19 vaccination of pregnant women should therefore be strongly considered in view of the maternal morbidity associated with COVID-19 in pregnancy.
7/12/2021,Vaccine Safety / Effectiveness / Newborn Outcomes,Goldshtein et al.,https://jamanetwork.com/journals/jama/fullarticle/2782047,Association between BNT162b2 vaccination and incidence of SARS-CoV-2 infection in pregnant women,"Among pregnant women, receipt of the BNT162b2 vaccine was associated with a lower risk of incident SARS-CoV-2 infection."
7/23/2021,Vaccine Safety / Effectiveness / Newborn Outcomes,Baird et al.,https://journals.sagepub.com/doi/10.1177/08903344211030168,SARS-CoV-2 Antibodies Detected in Mother’s Milk Post-Vaccination,"Authors observed significantly elevated levels of SARS-CoV-2 specific IgG and IgA antibodies in human milk beginning approximately 7 days after the initial vaccine dose, with an IgG-dominant response. Maternal vaccination results in SARS-CoV-2 specific immunoglobulins in human milk that may be protective for infants."
7/30/2021,WHO / SAGE Recommendations,WHO,https://www.who.int/publications/i/item/WHO-2019-nCoV-vaccines-SAGE_recommendation-AZD1222-2021.1,"Interim recommendations for use of the ChAdOx1-S [recombinant] vaccine against COVID-19  (AstraZeneca COVID-19 vaccine AZD1222 Vaxzevria™, SII COVISHIELD™)",AstraZeneca recommended (1) for lactating persons and permitted with qualifications (elevated risk of exposure & serious disease) (3) for pregnant persons.
8/9/2021,Vaccine Safety / Effectiveness / Newborn Outcomes,Zauche et al.,https://www.researchsquare.com/article/rs-798175/v1,"Receipt of mRNA COVID-19 vaccines preconception and during pregnancy and risk of self-reported spontaneous abortions, CDC v-safe COVID-19 vaccine pregnancy registry 2020-21","When compared to the expected range of SABs in recognized pregnancies, these data suggest receipt of an mRNA COVID-19 vaccine preconception or during pregnancy is not associated with an increased risk of SAB. These findings add to accumulating evidence that mRNA COVID-19 vaccines during pregnancy are safe."
8/9/2021,Vaccine Safety / Effectiveness / Newborn Outcomes,Blakeway et al.,https://www.ajog.org/article/S0002-9378(21)00873-5/fulltext,COVID-19 vaccination during pregnancy: coverage and safety,This study has contributed to the body of evidence that having COVID-19 vaccination in pregnancy does not alter perinatal outcomes.
8/12/2021,WHO / SAGE Recommendations,WHO,https://www.who.int/publications/i/item/WHO-2019-nCoV-FAQ-Breast_feeding-Vaccines-2021.1,"Frequently asked questions: COVID-19 vaccines and breastfeeding based on WHO interim recommendations, 12 August 2021","Vaccination recommended in lactating persons (Pfizer, Moderna, AstraZeneca, Janssen, Sinopharm, Sinovac)."
8/20/2021,Vaccine Safety / Effectiveness / Newborn Outcomes,Theiler et al.,"https://www.ncbi.nlm.nih.gov/pmc/articles/PMC8378017/#:~:text=CONCLUSION,increased%20pregnancy%20or%20delivery%20complications.",Pregnancy and birth outcomes after SARS-CoV-2 vaccination in pregnancy,"In this birth cohort, vaccinated pregnant women were less likely than unvaccinated pregnant patients to experience COVID-19 infection, and COVID-19 vaccination during pregnancy was not associated with increased pregnancy or delivery complications {late pregnancy vaccination}."
9/7/2021,Vaccine Safety / Effectiveness / Newborn Outcomes,Dagan et al.,https://www.nature.com/articles/s41591-021-01490-8,Effectiveness of the BNT162b2 mRNA COVID-19 vaccine in pregnancy,"The results of this study indicate that the BNT162b2 mRNA COVID-19 vaccine is highly effective in pregnant women for the variants circulating in Israel at the time of the study, with vaccine effectiveness that was comparable to that estimated in the general population."
9/8/2021,Vaccine Safety / Effectiveness / Newborn Outcomes,Kharbanda et al.,https://jamanetwork.com/journals/jama/fullarticle/2784193,Spotaneous abortion following COVID-19 vaccination during pregnancy,"Among women with spontaneous abortions, the odds of COVID-19 vaccine exposure were not increased in the prior 28 days compared with women with ongoing pregnancies."
9/8/2021,Vaccine Safety / Effectiveness / Newborn Outcomes,Zauche et al.,https://www.nejm.org/doi/10.1056/NEJMc2113891,Receipt of mRNA COVID-19 vaccines and risk of spontaneous abortions,Findings suggest that the risk of spontaneous abortion after mRNA Covid-19 vaccination either before conception or during pregnancy is consistent with the expected risk of spontaneous abortion; these findings add to the accumulating evidence about the safety of mRNA Covid-19 vaccination in pregnancy.
9/17/2021,Vaccine Safety / Effectiveness / Newborn Outcomes,Charepe et al.,https://bmcpregnancychildbirth.biomedcentral.com/articles/10.1186/s12884-021-04051-6,COVID-19 mRNA vaccine and antibody response in lactating women: a prospective cohort study,"All women showed immunity after vaccination with positive antibodies for IgM, IgA and IgG antibodies. The dominant serum antibody response was IgG. Modest levels of antibodies in breastmilk of lactating mothers were observed in this study, especially IgG in 42.9%."
9/18/2021,Vaccine Safety / Effectiveness / Newborn Outcomes,Nir et al.,https://www.ajogmfm.org/article/S2589-9333(21)00187-7/fulltext,Maternal-neonatal transfer of SARS-CoV-2 immunoglobulin G antibodies among parturient women treated with BNT162b2 messenger RNA vaccine during pregnancy,"The study demonstrated the efficient transfer of SARS-CoV-2 immunoglobulin G across the placenta in women, vaccinated with the BNT162b2 messenger RNA vaccine during pregnancy, to their neonates, with a positive correlation between maternal serum and cord blood antibody concentrations. In addition to maternal protection against COVID-19, the vaccine may also provide neonatal humoral immunity."
10/13/2021,Vaccine Safety / Effectiveness / Newborn Outcomes,Morgan et al.,https://journals.lww.com/greenjournal/Fulltext/2022/01000/Maternal_Outcomes_After_Severe_Acute_Respiratory.14.aspx,Maternal Outcomes After Severe Acute Respiratory Syndrome Coronavirus 2 (SARS-CoV-2) Infection in Vaccinated Compared With Unvaccinated Pregnant Patients,study shows an association between SARS-CoV-2 vaccination and lower odds of severe or critical COVID-19 and COVID-19 of any severity in pregnant patients during the Delta variant–predominant fourth surge of SARS-CoV-2.
10/21/2021,WHO / SAGE Recommendations,WHO,https://www.who.int/publications/i/item/WHO-2019-nCoV-vaccines-SAGE_recommendation-Sinovac-CoronaVac-2021.1,"Interim recommendations for use of the inactivated COVID-19 vaccine, CoronaVac, developed by Sinovac",Sinovac recommended (1) for lactating persons and permitted (2) for pregnant persons.
10/28/2021,WHO / SAGE Recommendations,WHO,https://www.who.int/publications/i/item/WHO-2019-nCoV-vaccines-SAGE_recommendation-BIBP-2021.2,"Interim recommendations for use of the inactivated COVID-19 vaccine BIBP developed by China National Biotec Group (‎CNBG)‎, Sinopharm",Sinopharm recommended (1) for lactating persons and permitted (2) for pregnant persons.
11/3/2021,WHO / SAGE Recommendations,WHO,https://www.who.int/publications/i/item/WHO-2019-nCoV-vaccines-SAGE-recommendation-bbv152-covaxin,Interim recommendations for use of the Bharat Biotech BBV152 COVAXIN® vaccine against COVID-19,Bharat recommended (1) for lactating persons and permitted (2) for pregnant persons.
11/18/2021,Vaccine Safety / Effectiveness / Newborn Outcomes,Magnus et al.,https://www.nejm.org/doi/10.1056/NEJMc2114466,Covid-19 Vaccination during Pregnancy and First-Trimester Miscarriage,Study found no evidence of an increased risk for early pregnancy loss after Covid-19 vaccination and adds to the findings from other reports supporting Covid-19 vaccination during pregnancy.
11/19/2021,WHO / SAGE Recommendations,WHO,https://www.who.int/publications/i/item/interim-recommendations-for-use-of-the-moderna-mrna-1273-vaccine-against-covid-19,Interim recommendations for use of the Moderna mRNA-1273 vaccine against COVID-19,Moderna recommended (1) for lactating persons and recommended (1) for pregnant persons.
11/19/2021,WHO / SAGE Recommendations,WHO,https://www.who.int/publications/i/item/WHO-2019-nCoV-vaccines-SAGE_recommendation-BNT162b2-2021.1,"Interim recommendations for use of the Pfizer–BioNTech COVID-19 vaccine, BNT162b2, under Emergency Use Listing",Pfizer recommended (1) for lactating persons and recommended (1) for pregnant persons.
12/9/2021,WHO / SAGE Recommendations,WHO,https://www.who.int/publications/i/item/WHO-2019-nCoV-vaccines-SAGE-recommendation-Ad26.COV2.S-2021.1,Interim recommendations for the use of the Janssen Ad26.COV2.S (COVID-19) vaccine,Janssen recommended (1) for lactating persons and permitted with qualifications (elevated risk of exposure & serious disease) (3) for pregnant persons.
12/20/2021,WHO / SAGE Recommendations,WHO,https://www.who.int/publications/i/item/WHO-2019-nCoV-vaccines-SAGE-recommendation-novavax-nvx-cov2373,Interim recommendations for use of the Novavax NVX-CoV2373 vaccine against COVID-19,Novavax recommended (1) for lactating persons and permitted with qualifications (elevated risk of exposure) (3) for pregnant persons.
12/28/2021,Vaccine Safety / Effectiveness / Newborn Outcomes,Yang et al.,https://journals.lww.com/greenjournal/Fulltext/2022/03000/Association_of_Gestational_Age_at_Coronavirus.4.aspx#,"Association of Gestational Age at Coronavirus Disease 2019 (COVID-19) Vaccination, History of Severe Acute Respiratory Syndrome Coronavirus 2 (SARS-CoV-2) Infection, and a Vaccine Booster Dose With Maternal and Umbilical Cord Antibody Levels at Delivery","Vaccination against COVID-19 before and throughout pregnancy was associated with detectable maternal anti-spike IgG levels at delivery. A complete vaccination course, prior history of SARS-CoV-2 infection, and a third-trimester booster dose were associated with the highest maternal and umbilical cord antibody levels."
1/7/2022,Vaccine Safety / Effectiveness / Newborn Outcomes,Lipkind et al.,https://www.cdc.gov/mmwr/volumes/71/wr/mm7101e1.htm?s_cid=mm7101e1_w,"Receipt of COVID-19 Vaccine During Pregnancy and Preterm or Small-for-Gestational-Age at Birth — Eight Integrated Health Care Organizations, United States, December 15, 2020–July 22, 2021","In a retrospective cohort of >40,000 pregnant women, COVID-19 vaccination during pregnancy was not associated with preterm birth or small-for-gestational-age at birth overall, stratified by trimester of vaccination, or number of vaccine doses received during pregnancy, compared with unvaccinated pregnant women."
1/13/2022,Vaccine Safety / Effectiveness / Newborn Outcomes,Stock et al.,https://www.nature.com/articles/s41591-021-01666-2,SARS-CoV-2 infection and COVID-19 vaccination rates in pregnant women in Scotland,Severe complications known to be associated with COVID-19 in pregnancy (critical care admission and perinatal mortality) were more common in women who were unvaccinated at the time of COVID-19 diagnosis than in vaccinated pregnant women.
1/21/2022,WHO / SAGE Recommendations,WHO,https://www.who.int/publications/i/item/who-sage-roadmap-for-prioritizing-uses-of-covid-19-vaccines,WHO SAGE Roadmap for Prioritizing Use of COVID-19 Vaccines,Vaccination recommended in pregnancy.
1/21/2022,WHO / SAGE Recommendations,WHO,https://www.who.int/publications/i/item/WHO-2019-nCoV-vaccines-SAGE_recommendation-BNT162b2-2021.1,"Interim recommendations for use of the Pfizer–BioNTech COVID-19 vaccine, BNT162b2, under Emergency Use Listing",Pfizer recommended (1) for lactating persons and recommended (1) for pregnant persons.
2/7/2022,Vaccine Safety / Effectiveness / Newborn Outcomes,Shook et al.,https://jamanetwork.com/journals/jama/fullarticle/2788986,Durability of Anti-Spike Antibodies in Infants After Maternal COVID-19 Vaccination or Natural Infection,This study found that the majority of infants born to COVID-vaccinated mothers had persistent anti-S antibodies at 6 months compared with infants born to mothers with SARS-CoV-2 infection.
2/15/2022,WHO / SAGE Recommendations,WHO,https://www.who.int/publications/i/item/WHO-2019-nCoV-FAQ-Pregnancy-Vaccines-2022.1,Questions and Answers: COVID-19 vaccines and pregnancy,"Vaccination recommended in pregnancy (Pfizer, Moderna, AstraZeneca, Janssen, Novavax, Sinophram, Sinovac, Bharat)."
2/18/2022,Vaccine Safety / Effectiveness / Newborn Outcomes,Halasa et al.,https://www.cdc.gov/mmwr/volumes/71/wr/mm7107e3.htm?s_cid=mm7107e3_w,"Vaccine Effectiveness Against COVID-19 Hospitalization in Infants <6 Months of Age from Maternal mRNA COVID-19 Vaccination — United States, July 2021– January 2022",Maternal completion of a 2-dose primary mRNA COVID-19 vaccination series during pregnancy was associated with reduced risk for COVID-19 hospitalization among infants aged <6 months in a real-world evaluation at 20 U.S. pediatric hospitals during a period of Delta and Omicron variant circulation.
3/15/2022,WHO / SAGE Recommendations,WHO,https://www.who.int/publications/i/item/WHO-2019-nCoV-vaccines-SAGE-recommendation-BIBP,"Interim recommendations for use of the inactivated COVID-19 vaccine BIBP developed by China National Biotec Group (‎CNBG)‎, Sinopharm",Sinopharm recommended (1) for lactating persons and permitted (2) for pregnant persons.
3/15/2022,WHO / SAGE Recommendations,WHO,https://www.who.int/publications/i/item/WHO-2019-nCoV-vaccines-SAGE_recommendation-Sinovac-CoronaVac-2021.1,"Interim recommendations for use of the inactivated COVID-19 vaccine, CoronaVac, developed by Sinovac",Sinovac recommended (1) for lactating persons and permitted (2) for pregnant persons.
3/15/2022,WHO / SAGE Recommendations,WHO,https://www.who.int/publications/i/item/WHO-2019-nCoV-vaccines-SAGE-recommendation-bbv152-covaxin,Interim recommendations for use of the Bharat Biotech BBV152 COVAXIN® vaccine against COVID-19,Bharat recommended (1) for lactating persons and permitted (2) for pregnant persons.
3/24/2022,Vaccine Safety / Effectiveness / Newborn Outcomes,Fell et al.,https://jamanetwork.com/journals/jama/fullarticle/2790607,Association of COVID-19 Vaccination in Pregnancy With Adverse Peripartum Outcomes,"COVID-19 vaccination during pregnancy, compared with vaccination after pregnancy and with no vaccination, was not significantly associated with increased risk of postpartum hemorrhage, chorioamnionitis, cesarean delivery, admission to neonatal intensive care unit, or low newborn 5-minute Apgar score."
4/4/2022,Vaccine Safety / Effectiveness / Newborn Outcomes,Ruderman et al.,https://jamanetwork.com/journals/jamapediatrics/fullarticle/2790805,Association of COVID-19 Vaccination During Early Pregnancy With Risk of Congenital Fetal Anomalies,Findings suggest that COVID-19 vaccination during early pregnancy is not associated with an increased risk of fetal structural anomalies identified with ultrasonography.
4/12/2022,Vaccine Safety / Effectiveness / Newborn Outcomes,Morro et al,https://www.sciencedirect.com/science/article/pii/S0264410X22004479?via%3Dihub,"Post-authorization surveillance of adverse events following COVID-19 vaccines in pregnant persons in the vaccine adverse event reporting system (VAERS), December 2020 – October 2021",Review of reports to VAERS following COVID-19 vaccines in pregnant persons did not identify any concerning patterns of maternal or infant-fetal outcomes.
5/7/2022,Risk of SARS-CoV2 In Pregnancy,Allotey et al.,https://www.bmj.com/content/370/bmj.m3320,"Clinical manifestations, risk factors, and maternal and perinatal outcomes of coronavirus disease 2019 in pregnancy: living systematic review and meta-analysis",Pregnant women with covid-19 versus without covid-19 are more likely to deliver preterm and have an increased risk of maternal death and of being admitted to the intensive care unit. Their babies are more likely to be admitted to the neonatal intensive care unit.
5/19/2022,WHO / SAGE Recommendations,WHO,https://www.who.int/publications/i/item/WHO-2019-nCoV-vaccines-SAGE-recommendation-Ad5-nCoV-Convidecia,Interim recommendations for use of the Cansino Ad5-nCoV-S vaccine (Convidecia ®) against COVID-19,CanSino recommended (1) for lactating persons and permitted (2) for pregnant persons.
6/6/2022,WHO / SAGE Recommendations,WHO,https://www.who.int/publications/i/item/WHO-2019-nCoV-vaccines-SAGE-recommendation-Ad26.COV2.S-2021.1,Interim recommendations for the use of the Janssen Ad26.COV2.S (COVID-19) vaccine,Janssen recommended (1) for lactating persons and permitted (2) for pregnant persons.